{
    "appid": "9480",
    "type": "Game",
    "name": "Saints Row 2",
    "schinese_name": "黑道圣徒2",
    "isfreeapp": "0",
    "change_number": "28969367",
    "update_time": "2025-05-14 06:29:27",
    "depot": {
        "overridescddb": "1",
        "9481": {
            "systemdefined": "1",
            "config": {
                "oslist": "windows"
            },
            "manifests": {
                "public": {
                    "gid": "2571534987851063085",
                    "size": "12530516912",
                    "download": "0"
                }
            },
            "decryptionkey": "cdf06b3ade6693d43ab60b594ceec1d5bba08b251d6d5aebfb8b2347479844e5"
        },
        "9495": {
            "lvcache": "1",
            "config": {
                "oslist": "windows"
            },
            "manifests": {
                "public": {
                    "gid": "8002924207394447239",
                    "size": "495076856",
                    "download": "0"
                }
            },
            "decryptionkey": "51d8f6170c305ccb2093ebc1365c6a66ab1927fd623d1bbe2bc3c2fa1213873d"
        },
        "9482": {
            "config": {
                "language": "english"
            },
            "manifests": {
                "public": {
                    "gid": "6726279724500103460",
                    "size": "32066032",
                    "download": "0"
                }
            },
            "decryptionkey": "334ff0da703a5f167a5576e11f86943a88a2dd4cc6cc2d925c3e301cf3b03190"
        },
        "9483": {
            "config": {
                "language": "spanish"
            },
            "manifests": {
                "public": {
                    "gid": "7696086371254139884",
                    "size": "33546880",
                    "download": "0"
                }
            },
            "decryptionkey": "59b83608a0199e9e2c5985369d8e86dfa9a0af3463fd672607f2e7ecb2289dbf"
        },
        "9484": {
            "config": {
                "language": "french"
            },
            "manifests": {
                "public": {
                    "gid": "3821057064352403449",
                    "size": "33556432",
                    "download": "0"
                }
            },
            "decryptionkey": "117d1da059cef5dbdc8e93665e2372d98115aa6392ca532e4638ee516674ab99"
        },
        "9485": {
            "config": {
                "language": "polish"
            },
            "manifests": {
                "public": {
                    "gid": "4649969730519843752",
                    "size": "33466512",
                    "download": "0"
                }
            },
            "decryptionkey": "91030ec7bc516e546747750450b2b9928e0c74185ed63ee8fbc9ce799cea0278"
        },
        "9486": {
            "config": {
                "language": "italian"
            },
            "manifests": {
                "public": {
                    "gid": "2970026655670171588",
                    "size": "33542480",
                    "download": "0"
                }
            },
            "decryptionkey": "f9aa919fdcf2bb55b38c06ffe435532756c3339463cbbad6e8064f6adc058954"
        },
        "9487": {
            "config": {
                "language": "german"
            },
            "manifests": {
                "public": {
                    "gid": "1670331824562539591",
                    "size": "33649280",
                    "download": "0"
                }
            },
            "decryptionkey": "aa44b0ea9c1113b18bd820e4aa167ba72da7c48b90b55e531714ec08842d3587"
        },
        "9488": {
            "config": {
                "language": "dutch"
            },
            "manifests": {
                "public": {
                    "gid": "5533035912048121059",
                    "size": "33633344",
                    "download": "0"
                }
            },
            "decryptionkey": "c65af048dcd07a35cdba0c7ab74e76afb4e3c25a4bb28532e7ac3ae848aa2776"
        },
        "9489": {
            "config": {
                "language": "danish"
            },
            "manifests": {
                "public": {
                    "gid": "7197635867480650153",
                    "size": "33467488",
                    "download": "0"
                }
            },
            "decryptionkey": "2947e2ecbfa99f7c2fbb4517497186191dcca7399e2dcee597a3498f364d9deb"
        },
        "9490": {
            "config": {
                "language": "swedish"
            },
            "manifests": {
                "public": {
                    "gid": "3854390512936797462",
                    "size": "33441088",
                    "download": "0"
                }
            },
            "decryptionkey": "5da2c12140c7867dfb47cc6bbb1c3acd9f9c171c66951e5e2b690b9ac2889b47"
        },
        "9491": {
            "config": {
                "language": "czech"
            },
            "manifests": {
                "public": {
                    "gid": "2666711679437803215",
                    "size": "33428976",
                    "download": "0"
                }
            },
            "decryptionkey": "781273ec0e3a2b9c400e35e8306d1f2fadc84aa143c0db168cea551717ef2a00"
        },
        "9492": {
            "config": {
                "language": "russian"
            },
            "manifests": {
                "public": {
                    "gid": "894887201574803480",
                    "size": "33436720",
                    "download": "0"
                }
            },
            "decryptionkey": "93333cf2895821446178f25dbe5c150a8b482734384c6e67449b66022bececaa"
        },
        "9494": {
            "config": {
                "language": "japanese"
            },
            "manifests": {
                "public": {
                    "gid": "8196563857491438323",
                    "size": "32849616",
                    "download": "0"
                }
            },
            "decryptionkey": "780747aeafbf3ee5cd20968834dc7ac96f50e8a3b9386b86ff5dcb49010892c1"
        },
        "9496": {
            "config": {
                "language": "tchinese"
            },
            "manifests": {
                "public": {
                    "gid": "8469381091262397220",
                    "size": "32732994",
                    "download": "0"
                }
            },
            "decryptionkey": "7773559b3cd2759b1383e0bcfab8c01cb744144dde73032e18abe2791c83ea70"
        },
        "401480": {
            "config": {
                "oslist": "linux,macos"
            },
            "manifests": {
                "public": {
                    "gid": "6343814187520559190",
                    "size": "15903560025",
                    "download": "7891383072"
                }
            },
            "decryptionkey": "6e6b81a0cf02e5efa83f783c9cd5d81656acbda2e0f5c372b5120366ff6334d0"
        },
        "401481": {
            "config": {
                "oslist": "linux"
            },
            "manifests": {
                "public": {
                    "gid": "5944617213670502809",
                    "size": "42144201",
                    "download": "18909504"
                }
            },
            "decryptionkey": "afac15f21b742f50553c768e91f190995ea8c0bc60ba3d05c1e887c415a0e671"
        },
        "401482": {
            "config": {
                "oslist": "macos"
            },
            "manifests": {
                "public": {
                    "gid": "8467735354106243544",
                    "size": "23631192",
                    "download": "12685872"
                }
            },
            "decryptionkey": ""
        },
        "branches": {
            "public": {
                "buildid": "1076239",
                "timeupdated": "1460724754"
            }
        },
        "privatebranches": "1"
    }
}