{
    "appid": 12120,
    "name": "Grand Theft Auto: San Andreas",
    "type": "Game",
    "schinese_name": "侠盗猎车手：圣安地列斯",
    "isfreeapp": 0,
    "update_time": "2025-07-02 10:03:17",
    "change_number": 28969367,
    "depot": {
        "228990": {
            "config": {
                "oslist": "windows"
            },
            "depotfromapp": "228980",
            "sharedinstall": "1"
        },
        "overridescddb": "1",
        "12123": {
            "systemdefined": "1",
            "manifests": {
                "public": {
                    "gid": "3229936372288409207",
                    "size": "1707644556",
                    "download": "1562506320"
                }
            },
            "decryptionkey": "b6246a66a369124f35879ade188971257e9827d14f178abace4d759001e6191a"
        },
        "12122": {
            "systemdefined": "1",
            "manifests": {
                "public": {
                    "gid": "5085199700668523983",
                    "size": "1676856594",
                    "download": "1600166400"
                }
            },
            "decryptionkey": "eaa6ab82216553e3e53f1de147e88096b378cbc8b0cd488fd2c4d047ff263389"
        },
        "12121": {
            "systemdefined": "1",
            "manifests": {
                "public": {
                    "gid": "242870450180196986",
                    "size": "1538954181",
                    "download": "872971296"
                }
            },
            "decryptionkey": "d89825855fd6f4b802378b6110effadaea8db612d89de6cf00f75dc92f898bf0"
        },
        "12124": {
            "optional": "1",
            "systemdefined": "1",
            "manifests": {
                "public": {
                    "gid": "1305660839026218242",
                    "size": "1114564927",
                    "download": "622092576"
                }
            },
            "decryptionkey": "020b11d09c31b51ddf1f3de13d5a2e420501f31de6638914b7ecfee4b15e3fc8"
        },
        "389110": {
            "manifests": {},
            "dlcappid": "389110"
        },
        "389550": {
            "manifests": {},
            "dlcappid": "389550"
        },
        "branches": {
            "public": {
                "buildid": "459558"
            }
        },
        "privatebranches": "1"
    }
}