{
    "appid": 12210,
    "name": "Grand Theft Auto IV: The Complete Edition",
    "type": "Game",
    "schinese_name": "侠盗猎车手4：完整版",
    "isfreeapp": 0,
    "update_time": "2025-07-19 17:18:26",
    "change_number": 30147746,
    "depot": {
        "overridescddb": "1",
        "baselanguages": "english,german,french,italian,spanish,russian,japanese",
        "228984": {
            "config": {
                "oslist": "windows"
            },
            "depotfromapp": "228980",
            "sharedinstall": "1"
        },
        "228990": {
            "config": {
                "oslist": "windows"
            },
            "depotfromapp": "228980",
            "sharedinstall": "1"
        },
        "12218": {
            "systemdefined": "1",
            "manifests": {
                "public": {
                    "gid": "5435507331887440070",
                    "size": "6554576",
                    "download": "6397056"
                }
            },
            "decryptionkey": "3446117408a17195591f5a98c1f64d2ca9a49dcdeb93a90fec8ceb63cb1cf249"
        },
        "12211": {
            "systemdefined": "1",
            "manifests": {
                "public": {
                    "gid": "8070600747380932868",
                    "size": "16332847585",
                    "download": "14646179360"
                }
            },
            "decryptionkey": "155186d97af14c948ac35351ac345c108046167384eb2b898802f158bfd111b4"
        },
        "12213": {
            "config": {
                "language": "english"
            },
            "manifests": {
                "public": {
                    "gid": "7959739752369022030",
                    "size": "37487453",
                    "download": "33147360"
                }
            },
            "decryptionkey": "e927e10529530ef0a1798c945c7fea9d3a4bd8cb2bac061587c193afbe0dfeec"
        },
        "12214": {
            "config": {
                "language": "french"
            },
            "manifests": {
                "public": {
                    "gid": "8513070578700495865",
                    "size": "36010299",
                    "download": "31457616"
                }
            },
            "decryptionkey": "f47f42a9df6c82ac4c134478cd1a0c95bdb32f686a3c4033ee8b9735c3999529"
        },
        "12215": {
            "config": {
                "language": "italian"
            },
            "manifests": {
                "public": {
                    "gid": "5596831668192471551",
                    "size": "36193498",
                    "download": "31629552"
                }
            },
            "decryptionkey": "70a582f0d5f9cbf610ccbac1a905c7d5c8f0f3b420412ee754779141d9a89e77"
        },
        "12216": {
            "config": {
                "language": "german"
            },
            "manifests": {
                "public": {
                    "gid": "716802607004606457",
                    "size": "35820960",
                    "download": "31339184"
                }
            },
            "decryptionkey": "ef7603bd0f512678f2832b71bcb340b950fd5d8ed5f52e0129300538727d1787"
        },
        "12217": {
            "config": {
                "language": "spanish"
            },
            "manifests": {
                "public": {
                    "gid": "703090685957058760",
                    "size": "36257602",
                    "download": "31649600"
                }
            },
            "decryptionkey": "050c5432482073005c36629ad7372baeafb6d1f63b6b8175936feb4ad8521d1c"
        },
        "12212": {
            "manifests": {
                "public": {
                    "gid": "5029883714475696364",
                    "size": "7312739354",
                    "download": "6129658416"
                }
            },
            "decryptionkey": "63df369c3038e5c927f585fc81b41f5b669795976ac9af4d27a2add6c57733ca"
        },
        "1899671": {
            "manifests": {
                "public": {
                    "gid": "1313721849634300954",
                    "size": "223812877",
                    "download": "187185200"
                }
            },
            "depotfromapp": "1899670",
            "decryptionkey": "b7921da5e50d00b2238d0fe870a354cb572bc5d397955fef02a439103f62827b"
        },
        "branches": {
            "public": {
                "buildid": "14009960",
                "timeupdated": "1718110821"
            }
        },
        "privatebranches": "1"
    }
}