{
    "appid": "9930",
    "type": "Game",
    "name": "Test Drive Unlimited 2",
    "schinese_name": "无限试驾2",
    "isfreeapp": "0",
    "change_number": "27175545",
    "update_time": "2025-01-27 06:26:02",
    "depot": {
        "9931": {
            "systemdefined": "1",
            "manifests": {
                "public": {
                    "gid": "2823060789498975675",
                    "size": "15682257581",
                    "download": "0"
                }
            },
            "decryptionkey": "975f0399bf8cf91952a032a4491a2604c74a88dab7dcce78f28732f2b6ea2a8a"
        },
        "overridescddb": "1",
        "baselanguages": "english,french,german,italian,spanish",
        "branches": {
            "public": {
                "buildid": "2847"
            }
        },
        "privatebranches": "1"
    }
}