{
    "appid": 12150,
    "name": "Max Payne 2: The Fall of Max Payne",
    "type": "Game",
    "schinese_name": "马克思佩恩2：马克思佩恩的堕落",
    "isfreeapp": 0,
    "update_time": "2025-06-21 06:39:13",
    "change_number": 29676584,
    "depot": {
        "12151": {
            "systemdefined": "1",
            "manifests": {
                "public": {
                    "gid": "1390811977241465426",
                    "size": "1668252304",
                    "download": "0"
                }
            },
            "decryptionkey": "7d78588a024003c4989d9dc5a5d86d60223495c8c86c8d2b9591278d0e1e112d"
        },
        "overridescddb": "1",
        "branches": {
            "public": {
                "buildid": "252035"
            }
        }
    }
}