{
    "appid": 24870,
    "name": "Need for Speed: SHIFT",
    "type": "Game",
    "schinese_name": "极品飞车13：变速",
    "isfreeapp": 0,
    "update_time": "2025-06-24 05:19:09",
    "change_number": 29534408,
    "depot": {
        "24871": {
            "systemdefined": "1",
            "manifests": {
                "public": {
                    "gid": "1974988893892538985",
                    "size": "5924627360",
                    "download": "0"
                }
            },
            "decryptionkey": "d21bf6a450007944762201c63d2596658316d3daad66ca4b39269462dda788ff"
        },
        "overridescddb": "1",
        "branches": {
            "public": {
                "buildid": "772"
            }
        }
    }
}