{
    "appid": 202570,
    "name": "Max Payne (FR)",
    "type": "Game",
    "schinese_name": "",
    "isfreeapp": 0,
    "update_time": "2025-06-15 01:15:10",
    "change_number": 29567493,
    "depot": {
        "202571": {
            "systemdefined": "1",
            "manifests": {
                "public": {
                    "gid": "7869599582514188681",
                    "size": "853928794",
                    "download": "0"
                }
            },
            "decryptionkey": "5c97e0f178a064b081a5c639f663b9c9d9878e4837219d865a4f3869b0c35249"
        },
        "overridescddb": "1",
        "branches": {
            "public": {
                "buildid": "52358"
            }
        }
    }
}